{
  "кухня / столовая": {
    "precision": 0.7567567567567568,
    "recall": 0.8235294117647058,
    "f1-score": 0.7887323943661971,
    "support": 34.0
  },
  "кухня-гостиная": {
    "precision": 0.46153846153846156,
    "recall": 0.4,
    "f1-score": 0.42857142857142855,
    "support": 15.0
  },
  "универсальная комната": {
    "precision": 0.45161290322580644,
    "recall": 0.6086956521739131,
    "f1-score": 0.5185185185185185,
    "support": 23.0
  },
  "гостиная": {
    "precision": 0.7407407407407407,
    "recall": 0.6666666666666666,
    "f1-score": 0.7017543859649122,
    "support": 30.0
  },
  "спальня": {
    "precision": 0.76,
    "recall": 0.7916666666666666,
    "f1-score": 0.7755102040816326,
    "support": 24.0
  },
  "кабинет": {
    "precision": 0.7368421052631579,
    "recall": 0.6666666666666666,
    "f1-score": 0.7,
    "support": 21.0
  },
  "детская": {
    "precision": 0.6923076923076923,
    "recall": 0.5806451612903226,
    "f1-score": 0.631578947368421,
    "support": 31.0
  },
  "ванная комната": {
    "precision": 0.85,
    "recall": 0.7391304347826086,
    "f1-score": 0.7906976744186046,
    "support": 23.0
  },
  "туалет": {
    "precision": 0.88,
    "recall": 0.7857142857142857,
    "f1-score": 0.8301886792452831,
    "support": 28.0
  },
  "совмещенный санузел": {
    "precision": 0.7428571428571429,
    "recall": 0.8666666666666667,
    "f1-score": 0.8,
    "support": 30.0
  },
  "коридор / прихожая": {
    "precision": 0.7857142857142857,
    "recall": 0.7857142857142857,
    "f1-score": 0.7857142857142857,
    "support": 28.0
  },
  "гардеробная / кладовая / постирочная": {
    "precision": 0.5862068965517241,
    "recall": 0.7391304347826086,
    "f1-score": 0.6538461538461539,
    "support": 23.0
  },
  "балкон / лоджия": {
    "precision": 0.7777777777777778,
    "recall": 0.9545454545454546,
    "f1-score": 0.8571428571428571,
    "support": 22.0
  },
  "вид из окна / с балкона": {
    "precision": 0.8571428571428571,
    "recall": 0.8571428571428571,
    "f1-score": 0.8571428571428571,
    "support": 21.0
  },
  "дом снаружи / двор": {
    "precision": 0.7142857142857143,
    "recall": 0.9523809523809523,
    "f1-score": 0.8163265306122449,
    "support": 21.0
  },
  "подъезд / лестничная площадка": {
    "precision": 0.8484848484848485,
    "recall": 0.9032258064516129,
    "f1-score": 0.875,
    "support": 31.0
  },
  "другое": {
    "precision": 0.875,
    "recall": 0.5,
    "f1-score": 0.6363636363636364,
    "support": 28.0
  },
  "предметы интерьера / быт.техника": {
    "precision": 0.5625,
    "recall": 0.391304347826087,
    "f1-score": 0.46153846153846156,
    "support": 23.0
  },
  "комната без мебели": {
    "precision": 0.8571428571428571,
    "recall": 0.8571428571428571,
    "f1-score": 0.8571428571428571,
    "support": 21.0
  },
  "accuracy": 0.7358490566037735,
  "macro avg": {
    "precision": 0.7335216336731486,
    "recall": 0.7299983478094326,
    "f1-score": 0.7245142037914922,
    "support": 477.0
  },
  "weighted avg": {
    "precision": 0.7426571543853934,
    "recall": 0.7358490566037735,
    "f1-score": 0.7319571910079654,
    "support": 477.0
  }
}