{
  "кухня / столовая": {
    "precision": 0.8275862068965517,
    "recall": 0.7058823529411765,
    "f1-score": 0.7619047619047619,
    "support": 34.0
  },
  "кухня-гостиная": {
    "precision": 0.47058823529411764,
    "recall": 0.5333333333333333,
    "f1-score": 0.5,
    "support": 15.0
  },
  "универсальная комната": {
    "precision": 0.4411764705882353,
    "recall": 0.6521739130434783,
    "f1-score": 0.5263157894736842,
    "support": 23.0
  },
  "гостиная": {
    "precision": 0.7333333333333333,
    "recall": 0.7333333333333333,
    "f1-score": 0.7333333333333333,
    "support": 30.0
  },
  "спальня": {
    "precision": 0.8518518518518519,
    "recall": 0.9583333333333334,
    "f1-score": 0.9019607843137255,
    "support": 24.0
  },
  "кабинет": {
    "precision": 0.6363636363636364,
    "recall": 0.6666666666666666,
    "f1-score": 0.6511627906976745,
    "support": 21.0
  },
  "детская": {
    "precision": 0.6956521739130435,
    "recall": 0.5161290322580645,
    "f1-score": 0.5925925925925926,
    "support": 31.0
  },
  "ванная комната": {
    "precision": 0.9444444444444444,
    "recall": 0.7391304347826086,
    "f1-score": 0.8292682926829268,
    "support": 23.0
  },
  "туалет": {
    "precision": 0.8148148148148148,
    "recall": 0.7857142857142857,
    "f1-score": 0.8,
    "support": 28.0
  },
  "совмещенный санузел": {
    "precision": 0.7878787878787878,
    "recall": 0.8666666666666667,
    "f1-score": 0.8253968253968254,
    "support": 30.0
  },
  "коридор / прихожая": {
    "precision": 0.7692307692307693,
    "recall": 0.7142857142857143,
    "f1-score": 0.7407407407407407,
    "support": 28.0
  },
  "гардеробная / кладовая / постирочная": {
    "precision": 0.5806451612903226,
    "recall": 0.782608695652174,
    "f1-score": 0.6666666666666666,
    "support": 23.0
  },
  "балкон / лоджия": {
    "precision": 0.8260869565217391,
    "recall": 0.8636363636363636,
    "f1-score": 0.8444444444444444,
    "support": 22.0
  },
  "вид из окна / с балкона": {
    "precision": 0.8636363636363636,
    "recall": 0.9047619047619048,
    "f1-score": 0.8837209302325582,
    "support": 21.0
  },
  "дом снаружи / двор": {
    "precision": 0.7407407407407407,
    "recall": 0.9523809523809523,
    "f1-score": 0.8333333333333334,
    "support": 21.0
  },
  "подъезд / лестничная площадка": {
    "precision": 0.9032258064516129,
    "recall": 0.9032258064516129,
    "f1-score": 0.9032258064516129,
    "support": 31.0
  },
  "другое": {
    "precision": 0.7647058823529411,
    "recall": 0.4642857142857143,
    "f1-score": 0.5777777777777777,
    "support": 28.0
  },
  "предметы интерьера / быт.техника": {
    "precision": 0.5384615384615384,
    "recall": 0.30434782608695654,
    "f1-score": 0.3888888888888889,
    "support": 23.0
  },
  "комната без мебели": {
    "precision": 0.7407407407407407,
    "recall": 0.9523809523809523,
    "f1-score": 0.8333333333333334,
    "support": 21.0
  },
  "accuracy": 0.7358490566037735,
  "macro avg": {
    "precision": 0.7332191534108203,
    "recall": 0.7368040674734364,
    "f1-score": 0.7260035311718358,
    "support": 477.0
  },
  "weighted avg": {
    "precision": 0.7442381140247368,
    "recall": 0.7358490566037735,
    "f1-score": 0.7311722473035167,
    "support": 477.0
  }
}