{
  "model": "resnet50",
  "best_macro_f1": 0.7484592538341751,
  "best_accuracy": 0.7610062893081762,
  "best_train_loss": 0.05695132485274,
  "best_val_loss": 0.8349875521609869,
  "best_epoch_metrics": {
    "epoch": 18,
    "train_loss": 0.05695132485274,
    "train_accuracy": 0.9885578583765112,
    "val_loss": 0.8349875521609869,
    "accuracy": 0.7610062893081762,
    "macro_f1": 0.7484592538341751
  },
  "checkpoint": "outputs/models/resnet50/resnet50_best.pt",
  "hyperparameters": {
    "epochs": 30,
    "batch_size": 32,
    "image_size": 224,
    "learning_rate": 0.0001,
    "seed": 42,
    "weighted_sampling": true,
    "save_checkpoint": true
  }
}